Date,AAPL Val,AAPL Amt,GOOG Val,GOOG Amt,Cash,Total
2011-01-03,47.08,0,301.87,3,94.39,1000
2011-01-04,47.33,21,300.76,0,2.74,996.67
2011-01-05,47.71,21,304.23,0,2.74,1004.65
2011-01-06,47.68,0,306.44,3,84.7,1004.02
2011-01-07,48.02,0,307.91,3,84.7,1008.43
2011-01-10,48.92,20,306.8,0,26.7,1005.1
2011-01-11,48.81,0,307.7,3,79.8,1002.9
2011-01-12,49.2,0,308.13,3,79.8,1004.19
2011-01-13,49.38,20,308.04,0,16.32,1003.92
2011-01-14,49.78,20,311.78,0,16.32,1011.92
2011-01-18,48.66,0,319.5,3,31.02,989.52
2011-01-19,48.41,20,315.56,0,9.5,977.7
2011-01-20,47.53,0,313.07,3,20.89,960.1
2011-01-21,46.67,0,305.61,3,20.89,937.72
2011-01-24,48.21,19,305.23,0,20.59,936.58
2011-01-25,48.77,0,309.65,3,18.27,947.22
2011-01-26,49.12,19,307.94,0,8.81,942.09
2011-01-27,49.03,0,308.09,3,16.11,940.38
2011-01-28,48.01,0,300.19,3,16.11,916.68
2011-01-31,48.47,18,299.88,0,43.29,915.75
2011-02-01,49.29,18,305.21,0,43.29,930.51
2011-02-02,49.19,0,305.69,3,11.64,928.71
2011-02-03,49.06,0,304.77,3,11.64,925.95
2011-02-04,49.5,0,305.18,3,11.64,927.18
2011-02-07,50.27,0,306.84,3,11.64,932.16
2011-02-08,50.74,0,308.88,3,11.64,938.28
2011-02-09,51.17,18,307.94,0,14.4,935.46
2011-02-10,50.65,18,307.91,0,14.4,926.1
2011-02-11,50.98,0,311.94,2,308.16,932.04
2011-02-14,51.31,0,313.76,2,308.16,935.68
2011-02-15,51.41,0,311.76,2,308.16,931.68
2011-02-16,51.88,17,311.8,0,49.8,931.76
2011-02-17,51.19,17,312.32,0,49.8,920.03
2011-02-18,50.08,17,314.72,0,49.8,901.16
2011-02-22,48.37,0,304.8,2,262.49,872.09
2011-02-23,48.95,0,305.35,2,262.49,873.19
2011-02-24,48.98,0,304.11,2,262.49,870.71
2011-02-25,49.74,0,304.71,2,262.49,871.91
2011-02-28,50.46,0,306.39,2,262.49,875.27
2011-03-01,49.9,0,300.08,2,262.49,862.65
2011-03-02,50.3,0,300.09,2,262.49,862.67
2011-03-03,51.37,0,304.48,2,262.49,871.45
2011-03-04,51.43,16,300.01,0,39.63,862.51
2011-03-07,50.77,0,295.53,2,260.89,851.95
2011-03-08,50.82,16,295.86,0,39.49,852.61
2011-03-09,50.35,16,295.59,0,39.49,845.09
2011-03-10,49.52,0,289.86,2,252.09,831.81
2011-03-11,50.28,0,288.07,2,252.09,828.23
2011-03-14,50.51,16,284.71,0,13.35,821.51
2011-03-15,49.35,16,284.5,0,13.35,802.95
2011-03-16,47.14,0,278.27,2,211.05,767.59
2011-03-17,47.81,16,280.4,0,6.89,771.85
2011-03-18,47.24,0,280.25,2,202.23,762.73
2011-03-21,48.47,0,287.96,2,202.23,778.15
2011-03-22,48.74,15,288.37,0,47.87,778.97
2011-03-23,48.46,0,290.79,2,193.19,774.77
2011-03-24,49.28,0,293.15,2,193.19,779.49
2011-03-25,50.22,0,289.58,2,193.19,772.35
2011-03-28,50.06,15,287.39,0,17.07,767.97
2011-03-29,50.14,15,290.57,0,17.07,769.17
2011-03-30,49.8,15,290.63,0,17.07,764.07
2011-03-31,49.79,15,293.09,0,17.07,763.92
2011-04-01,49.22,15,295.6,0,17.07,755.37
2011-04-04,48.74,0,293.55,2,161.07,748.17
2011-04-05,48.41,15,284.26,0,3.44,729.59
2011-04-06,48.29,15,286.8,0,3.44,727.79
2011-04-07,48.3,15,289.71,0,3.44,727.94
2011-04-08,47.87,15,288.79,0,3.44,721.49
2011-04-11,47.26,0,288.4,2,135.54,712.34
2011-04-12,47.49,0,285.02,2,135.54,705.58
2011-04-13,48.02,14,287.85,0,38.96,711.24
2011-04-14,47.49,0,288.97,2,125.88,703.82
2011-04-15,46.78,0,265.08,2,125.88,656.04
2011-04-18,47.41,0,263.16,2,125.88,652.2
2011-04-19,48.27,0,260.5,2,125.88,646.88
2011-04-20,48.92,0,262.6,2,125.88,651.08
2011-04-21,50.1,0,262.29,2,125.88,650.46
2011-04-25,50.43,12,262.26,0,45.24,650.4
2011-04-26,50.06,12,266.14,0,45.24,645.96
2011-04-27,50.02,12,268.61,0,45.24,645.48
2011-04-28,49.54,12,268.72,0,45.24,639.72
2011-04-29,50.02,12,271.78,0,45.24,645.48
2011-05-02,49.47,0,269.01,2,100.86,638.88
2011-05-03,49.74,0,266.68,2,100.86,634.22
2011-05-04,49.94,12,267.63,0,36.84,636.12
2011-05-05,49.54,12,266.87,0,36.84,631.32
2011-05-06,49.52,12,267.38,0,36.84,631.08
2011-05-09,49.66,12,268.57,0,36.84,632.76
2011-05-10,49.92,0,271.06,2,93.76,635.88
2011-05-11,49.6,12,267.46,0,33.48,628.68
2011-05-12,49.51,12,267.26,0,33.48,627.6
2011-05-13,48.64,12,264.51,0,33.48,617.16
2011-05-16,47.61,12,258.95,0,33.48,604.8
2011-05-17,48.02,0,264.96,2,79.8,609.72
2011-05-18,48.55,12,264.64,0,26.48,609.08
2011-05-19,48.65,12,265.36,0,26.48,610.28
2011-05-20,47.89,0,261.75,2,77.66,601.16
2011-05-23,47.77,12,258.94,0,22.3,595.54
2011-05-24,47.46,0,258.87,2,74.08,591.82
2011-05-25,48.11,12,259.58,0,15.92,593.24
2011-05-26,47.86,0,258.81,2,72.62,590.24
2011-05-27,48.2,0,260.19,2,72.62,593.0
2011-05-31,49.69,12,264.25,0,4.84,601.12
2011-06-01,49.36,12,262.54,0,4.84,597.16
2011-06-02,49.44,0,263.77,2,70.58,598.12
2011-06-03,49.06,12,261.28,0,4.42,593.14
2011-06-06,48.29,12,260.27,0,4.42,583.9
2011-06-07,47.43,0,259.26,2,55.06,573.58
2011-06-08,47.46,0,259.33,2,55.06,573.72
2011-06-09,47.36,12,258.11,0,2.96,571.28
2011-06-10,46.56,0,254.5,2,52.68,561.68
2011-06-13,46.66,0,252.11,2,52.68,556.9
2011-06-14,47.49,11,253.93,0,38.15,560.54
2011-06-15,46.68,0,251.22,2,49.19,551.63
2011-06-16,46.45,0,249.93,2,49.19,549.05
2011-06-17,45.75,11,242.27,0,30.48,533.73
2011-06-20,45.05,0,242.05,2,41.93,526.03
2011-06-21,46.47,0,246.25,2,41.93,534.43
2011-06-22,46.09,0,243.26,2,41.93,528.45
2011-06-23,47.32,11,239.87,0,1.15,521.67
2011-06-24,46.62,0,237.2,2,39.57,513.97
2011-06-27,47.43,11,241.2,0,0.24,521.97
2011-06-28,47.89,11,246.58,0,0.24,527.03
2011-06-29,47.72,11,248.54,0,0.24,525.16
2011-06-30,47.95,11,252.94,0,0.24,527.69
2011-07-01,49.04,11,260.25,0,0.24,539.68
2011-07-05,49.92,0,265.95,2,17.46,549.36
2011-07-06,50.25,10,267.41,0,49.78,552.28
2011-07-07,51.03,0,273.03,2,14.02,560.08
2011-07-08,51.39,10,265.73,0,31.58,545.48
2011-07-11,50.57,10,263.38,0,31.58,537.28
2011-07-12,50.54,0,266.74,2,3.5,536.98
2011-07-13,51.15,0,268.86,2,3.5,541.22
2011-07-14,51.11,10,264.21,0,20.82,531.92
2011-07-15,52.13,0,298.51,1,243.61,542.12
2011-07-18,53.4,0,297.17,1,243.61,540.78
2011-07-19,53.84,0,300.97,1,243.61,544.58
2011-07-20,55.27,9,297.38,0,43.56,540.99
2011-07-21,55.33,0,303.19,1,238.34,541.53
2011-07-22,56.19,0,308.81,1,238.34,547.15
2011-07-25,56.93,0,309.18,1,238.34,547.52
2011-07-26,57.63,9,310.95,0,30.62,549.29
2011-07-27,56.08,9,303.31,0,30.62,535.34
2011-07-28,55.97,0,305.16,1,229.19,534.35
2011-07-29,55.78,0,301.54,1,229.19,530.73
2011-08-01,56.68,9,303.08,0,22.15,532.27
2011-08-02,55.46,0,296.77,1,224.52,521.29
2011-08-03,56.08,9,300.28,0,20.08,524.8
2011-08-04,53.91,9,288.47,0,20.08,505.27
2011-08-05,53.37,9,289.23,0,20.08,500.41
2011-08-08,50.46,0,272.74,1,201.48,474.22
2011-08-09,53.43,9,286.42,0,7.03,487.9
2011-08-10,51.96,0,274.23,1,200.44,474.67
2011-08-11,53.39,0,280.78,1,200.44,481.22
2011-08-12,53.86,0,281.6,1,200.44,482.04
2011-08-15,54.77,0,278.34,1,200.44,478.78
2011-08-16,54.35,0,269.23,1,200.44,469.67
2011-08-17,54.35,8,266.31,0,31.95,466.75
2011-08-18,52.29,8,252.19,0,31.95,450.27
2011-08-19,50.86,8,245.21,0,31.95,438.83
2011-08-22,50.92,0,248.84,1,190.47,439.31
2011-08-23,53.37,0,259.15,1,190.47,449.62
2011-08-24,53.74,8,261.38,0,21.93,451.85
2011-08-25,53.39,0,259.76,1,189.29,449.05
2011-08-26,54.8,0,263.17,1,189.29,452.46
2011-08-29,55.71,8,269.27,0,12.88,458.56
2011-08-30,55.71,8,270.08,0,12.88,458.56
2011-08-31,54.98,8,270.21,0,12.88,452.72
2011-09-01,54.43,8,265.98,0,12.88,448.32
2011-09-02,53.44,0,262.16,1,178.24,440.4
2011-09-06,54.25,8,260.83,0,5.07,439.07
2011-09-07,54.85,8,266.75,0,5.07,443.87
2011-09-08,54.88,8,267.21,0,5.07,444.11
2011-09-09,53.93,0,262.16,1,174.35,436.51
2011-09-12,54.28,0,264.79,1,174.35,439.14
2011-09-13,54.95,0,264.5,1,174.35,438.85
2011-09-14,55.61,7,265.77,0,50.85,440.12
2011-09-15,56.14,0,271.01,1,172.82,443.83
2011-09-16,57.21,0,273.07,1,172.82,445.89
2011-09-19,58.8,0,273.06,1,172.82,445.88
2011-09-20,59.06,0,273.04,1,172.82,445.86
2011-09-21,58.88,7,269.33,0,29.99,442.15
2011-09-22,57.4,0,260.07,1,171.72,431.79
2011-09-23,57.76,7,262.49,0,29.89,434.21
2011-09-26,57.6,7,265.68,0,29.89,433.09
2011-09-27,57.04,0,269.4,1,159.77,429.17
2011-09-28,56.72,7,264.16,0,26.89,423.93
2011-09-29,55.8,7,263.49,0,26.89,417.49
2011-09-30,54.47,0,257.26,1,150.92,408.18
2011-10-03,53.51,7,247.51,0,23.86,398.43
2011-10-04,53.21,0,250.7,1,145.63,396.33
2011-10-05,54.04,7,252.1,0,19.45,397.73
2011-10-06,53.91,7,257.1,0,19.45,396.82
2011-10-07,52.83,0,257.3,1,131.96,389.26
2011-10-10,55.54,0,268.32,1,131.96,400.28
2011-10-11,57.18,7,271.32,0,3.02,403.28
2011-10-12,57.46,0,273.98,1,131.26,405.24
2011-10-13,58.35,7,279.22,0,2.03,410.48
2011-10-14,60.29,0,295.54,1,128.52,424.06
2011-10-17,60.0,6,290.91,0,59.43,419.43
2011-10-18,60.32,6,294.96,0,59.43,421.35
2011-10-19,56.95,7,290.06,0,2.48,401.13
2011-10-20,56.47,7,291.54,0,2.48,397.77
2011-10-21,56.12,0,294.95,1,100.37,395.32
2011-10-24,57.97,6,297.91,0,50.46,398.28
2011-10-25,56.82,0,291.29,1,100.09,391.38
2011-10-26,57.23,6,292.86,0,49.57,392.95
2011-10-27,57.81,6,299.04,0,49.57,396.43
2011-10-28,57.85,0,299.77,1,96.9,396.67
2011-10-31,57.83,6,296.02,0,45.94,392.92
2011-11-01,56.64,6,289.04,0,45.94,385.78
2011-11-02,56.77,6,292.12,0,45.94,386.56
2011-11-03,57.58,6,298.45,0,45.94,391.42
2011-11-04,57.18,6,297.77,0,45.94,389.02
2011-11-07,57.1,0,303.86,1,84.68,388.54
2011-11-08,58.03,6,305.86,0,42.36,390.54
2011-11-09,56.47,6,300.17,0,42.36,381.18
2011-11-10,55.03,6,297.24,0,42.36,372.54
2011-11-11,54.95,6,303.87,0,42.36,372.06
2011-11-14,54.18,0,306.19,1,61.25,367.44
2011-11-15,55.55,6,307.97,0,35.92,369.22
2011-11-16,54.97,6,305.43,0,35.92,365.74
2011-11-17,53.92,0,300.13,1,59.31,359.44
2011-11-18,53.56,0,297.14,1,59.31,356.45
2011-11-21,52.72,0,290.18,1,59.31,349.49
2011-11-22,53.79,6,289.71,0,26.28,349.02
2011-11-23,52.43,0,284.77,1,56.09,340.86
2011-11-25,51.94,6,281.22,0,25.67,337.31
2011-11-28,53.73,0,293.8,1,54.25,348.05
2011-11-29,53.31,6,291.17,0,25.56,345.42
2011-11-30,54.6,6,299.4,0,25.56,353.16
2011-12-01,55.42,6,306.58,0,25.56,358.08
2011-12-02,55.67,0,309.87,1,49.71,359.58
2011-12-05,56.14,6,312.51,0,25.38,362.22
2011-12-06,55.85,6,311.57,0,25.38,360.48
2011-12-07,55.58,0,311.38,1,47.48,358.86
2011-12-08,55.81,6,307.72,0,20.34,355.2
2011-12-09,56.23,6,313.4,0,20.34,357.72
2011-12-12,55.98,6,312.38,0,20.34,356.22
2011-12-13,55.54,6,312.5,0,20.34,353.58
2011-12-14,54.31,6,308.73,0,20.34,346.2
2011-12-15,54.13,6,309.46,0,20.34,345.12
2011-12-16,54.43,0,312.67,1,34.25,346.92
2011-12-19,54.6,0,310.6,1,34.25,344.85
2011-12-20,56.56,0,314.87,1,34.25,349.12
2011-12-21,56.64,6,312.6,0,7.01,346.85
2011-12-22,56.94,0,314.54,1,34.11,348.65
2011-12-23,57.62,6,316.25,0,4.64,350.36
2011-12-27,58.08,6,319.8,0,4.64,353.12
2011-12-28,57.52,0,319.53,1,30.23,349.76
2011-12-29,57.87,6,320.88,0,3.89,351.11
2011-12-30,57.86,6,322.63,0,3.89,351.05
2012-01-03,58.75,0,332.37,1,24.02,356.39
2012-01-04,59.06,0,333.81,1,24.02,357.83
2012-01-05,59.72,0,329.18,1,24.02,353.2
2012-01-06,60.34,0,324.68,1,24.02,348.7
2012-01-09,60.25,0,310.92,1,24.02,334.94
2012-01-10,60.46,5,311.26,0,32.98,335.28
2012-01-11,60.36,5,312.67,0,32.98,334.78
2012-01-12,60.2,0,314.51,1,19.47,333.98
2012-01-13,59.97,0,312.18,1,19.47,331.65
2012-01-17,60.67,0,313.98,1,19.47,333.45
2012-01-18,61.3,5,316.14,0,29.11,335.61
2012-01-19,61.11,0,319.47,1,15.19,334.66
2012-01-20,60.04,0,292.7,1,15.19,307.89
2012-01-23,61.06,5,292.47,0,2.36,307.66
2012-01-24,60.06,0,290.17,1,12.49,302.66
2012-01-25,63.81,4,284.46,0,41.71,296.95
2012-01-26,63.52,4,283.77,0,41.71,295.79
2012-01-27,63.9,0,289.7,1,7.61,297.31
2012-01-30,64.72,0,288.56,1,7.61,296.17
2012-01-31,65.21,4,289.76,0,36.53,297.37
2012-02-01,65.17,4,290.12,0,36.53,297.21
2012-02-02,65.02,4,292.26,0,36.53,296.61
2012-02-03,65.67,4,297.87,0,36.53,299.21
2012-02-06,66.28,0,304.24,0,301.65,301.65
2012-02-07,66.98,0,303.08,0,301.65,301.65
2012-02-08,68.1,0,304.62,0,301.65,301.65
2012-02-09,70.45,0,305.42,0,301.65,301.65
2012-02-10,70.49,0,302.65,0,301.65,301.65
2012-02-13,71.8,0,305.79,0,301.65,301.65
2012-02-14,72.78,4,304.58,0,10.53,301.65
2012-02-15,71.1,0,302.48,0,294.93,294.93
2012-02-16,71.74,4,302.96,0,7.97,294.93
2012-02-17,71.73,0,302.02,0,294.89,294.89
2012-02-21,73.55,4,306.69,0,0.69,294.89
2012-02-22,73.29,0,303.67,0,293.85,293.85
2012-02-23,73.77,0,302.75,0,293.85,293.85
2012-02-24,74.63,0,304.65,0,293.85,293.85
2012-02-27,75.11,0,304.35,0,293.85,293.85
2012-02-28,76.49,0,308.89,0,293.85,293.85
2012-02-29,77.49,0,308.82,0,293.85,293.85
2012-03-01,77.78,0,310.89,0,293.85,293.85
2012-03-02,77.88,3,310.31,0,60.21,293.85
2012-03-05,76.17,3,306.82,0,60.21,288.72
2012-03-06,75.75,0,302.18,0,287.46,287.46
2012-03-07,75.81,0,303.1,0,287.46,287.46
2012-03-08,77.43,0,303.27,0,287.46,287.46
2012-03-09,77.88,0,299.82,0,287.46,287.46
2012-03-12,78.86,0,302.27,0,287.46,287.46
2012-03-13,81.16,0,308.58,0,287.46,287.46
2012-03-14,84.23,3,307.69,0,34.77,287.46
2012-03-15,83.65,0,310.25,0,285.72,285.72
2012-03-16,83.65,0,312.21,0,285.72,285.72
2012-03-19,85.87,0,316.67,0,285.72,285.72
2012-03-20,86.57,3,316.43,0,26.01,285.72
2012-03-21,86.07,3,319.67,0,26.01,284.22
2012-03-22,85.62,3,322.7,0,26.01,282.87
2012-03-23,85.15,0,320.97,0,281.46,281.46
2012-03-26,86.71,0,324.34,0,281.46,281.46
2012-03-27,87.78,0,323.19,0,281.46,281.46
2012-03-28,88.23,3,327.55,0,16.77,281.46
2012-03-29,87.12,3,323.88,0,16.77,278.13
2012-03-30,85.65,0,320.3,0,273.72,273.72
2012-04-02,88.38,0,323.14,0,273.72,273.72
2012-04-03,89.9,3,320.99,0,4.02,273.72
2012-04-04,89.19,0,317.26,0,271.59,271.59
2012-04-05,90.53,0,315.84,0,271.59,271.59
2012-04-09,90.89,2,315.1,0,89.81,271.59
2012-04-10,89.78,3,313.12,0,0.03,269.37
2012-04-11,89.46,3,317.66,0,0.03,268.41
2012-04-12,88.97,3,325.18,0,0.03,266.94
2012-04-13,86.46,3,311.99,0,0.03,259.41
2012-04-16,82.88,0,302.73,0,248.67,248.67
2012-04-17,87.1,2,304.48,0,74.47,248.67
2012-04-18,86.91,2,303.42,0,74.47,248.29
2012-04-19,83.92,2,299.35,0,74.47,242.31
2012-04-20,81.85,2,297.73,0,74.47,238.17
2012-04-23,81.67,2,298.5,0,74.47,237.81
2012-04-24,80.04,0,300.33,0,234.55,234.55
2012-04-25,87.14,2,304.56,0,60.27,234.55
2012-04-26,86.81,2,307.43,0,60.27,233.89
2012-04-27,86.14,2,307.18,0,60.27,232.55
2012-04-30,83.43,2,302.12,0,60.27,227.13
2012-05-01,83.16,0,301.91,0,226.59,226.59
2012-05-02,83.71,2,303.33,0,59.17,226.59
2012-05-03,83.12,2,305.2,0,59.17,225.41
2012-05-04,80.75,0,298.19,0,220.67,220.67
2012-05-07,81.35,2,303.47,0,57.97,220.67
2012-05-08,81.17,0,306.09,0,220.31,220.31
2012-05-09,81.31,0,304.27,0,220.31,220.31
2012-05-10,81.5,2,306.52,0,57.31,220.31
2012-05-11,80.96,2,302.31,0,57.31,219.23
2012-05-14,79.75,2,301.7,0,57.31,216.81
2012-05-15,79.02,2,305.25,0,57.31,215.35
2012-05-16,78.01,2,314.15,0,57.31,213.33
2012-05-17,75.73,0,311.21,0,208.77,208.77
2012-05-18,75.77,0,299.9,0,208.77,208.77
2012-05-21,80.18,2,306.75,0,48.41,208.77
2012-05-22,79.57,0,300.1,0,207.55,207.55
2012-05-23,81.51,2,304.43,0,44.53,207.55
2012-05-24,80.76,2,301.53,0,44.53,206.05
2012-05-25,80.33,0,295.47,0,205.19,205.19
2012-05-29,81.75,0,296.87,0,205.19,205.19
2012-05-30,82.74,2,293.82,0,39.71,205.19
2012-05-31,82.53,2,290.14,0,39.71,204.77
2012-06-01,80.14,0,285.2,0,199.99,199.99
2012-06-04,80.61,2,289.01,0,38.77,199.99
2012-06-05,80.4,0,284.92,0,199.57,199.57
2012-06-06,81.64,0,289.99,0,199.57,199.57
2012-06-07,81.67,0,288.83,0,199.57,199.57
2012-06-08,82.9,2,289.93,0,33.77,199.57
2012-06-11,81.6,0,283.97,0,196.97,196.97
2012-06-12,82.31,2,282.27,0,32.35,196.97
2012-06-13,81.74,2,280.26,0,32.35,195.83
2012-06-14,81.65,0,279.25,0,195.65,195.65
2012-06-15,82.02,0,281.97,0,195.65,195.65
2012-06-18,83.68,0,285.14,0,195.65,195.65
2012-06-19,83.92,2,290.47,0,27.81,195.65
2012-06-20,83.68,2,288.47,0,27.81,195.17
2012-06-21,82.52,0,282.32,0,192.85,192.85
2012-06-22,83.16,2,285.45,0,26.53,192.85
2012-06-25,81.54,0,280.07,0,189.61,189.61
2012-06-26,81.72,0,282.06,0,189.61,189.61
2012-06-27,82.07,2,284.36,0,25.47,189.61
2012-06-28,81.29,0,281.87,0,188.05,188.05
2012-06-29,83.43,0,289.74,0,188.05,188.05
2012-07-02,84.65,0,289.94,0,188.05,188.05
2012-07-03,85.63,0,293.62,0,188.05,188.05
2012-07-05,87.13,2,297.66,0,13.79,188.05
2012-07-06,86.55,0,292.7,0,186.89,186.89
2012-07-09,87.7,2,292.71,0,11.49,186.89
2012-07-10,86.89,2,290.56,0,11.49,185.27
2012-07-11,86.35,2,285.31,0,11.49,184.19
2012-07-12,85.56,0,284.95,0,182.61,182.61
2012-07-13,86.42,0,287.97,0,182.61,182.61
2012-07-16,86.7,0,287.17,0,182.61,182.61
2012-07-17,86.71,2,288.08,0,9.19,182.61
2012-07-18,86.61,0,290.09,0,182.41,182.41
2012-07-19,87.76,2,296.23,0,6.89,182.41
2012-07-20,86.33,2,305.1,0,6.89,179.55
2012-07-23,86.26,2,307.45,0,6.89,179.41
2012-07-24,85.85,2,303.48,0,6.89,178.59
2012-07-25,82.14,2,303.69,0,6.89,171.17
2012-07-26,82.13,0,306.37,0,171.15,171.15
2012-07-27,83.59,0,317.16,0,171.15,171.15
2012-07-30,85.0,0,315.83,0,171.15,171.15
2012-07-31,87.25,1,316.17,0,83.9,171.15
2012-08-01,86.69,0,316.02,0,170.59,170.59
2012-08-02,86.83,0,314.06,0,170.59,170.59
2012-08-03,87.96,0,320.34,0,170.59,170.59
2012-08-06,88.94,1,321.09,0,81.65,170.59
2012-08-07,88.7,1,319.95,0,81.65,170.35
2012-08-08,88.55,0,320.79,0,170.2,170.2
2012-08-09,88.68,0,320.85,0,170.2,170.2
2012-08-10,88.81,0,320.68,0,170.2,170.2
2012-08-13,90.0,0,329.67,0,170.2,170.2
2012-08-14,90.24,1,334.0,0,79.96,170.2
2012-08-15,90.12,0,333.44,0,170.08,170.08
2012-08-16,90.91,0,336.1,0,170.08,170.08
2012-08-17,92.59,0,338.23,0,170.08,170.08
2012-08-20,95.02,1,337.43,0,75.06,170.08
2012-08-21,93.72,0,334.42,0,168.78,168.78
2012-08-22,95.55,1,338.25,0,73.23,168.78
2012-08-23,94.66,0,338.06,0,167.89,167.89
2012-08-24,94.75,0,338.98,0,167.89,167.89
2012-08-27,96.53,1,334.28,0,71.36,167.89
2012-08-28,96.4,1,338.29,0,71.36,167.76
2012-08-29,96.21,1,343.66,0,71.36,167.57
2012-08-30,94.84,0,340.5,0,166.2,166.2
2012-08-31,95.03,0,342.2,0,166.2,166.2
2012-09-04,96.42,1,340.18,0,69.78,166.2
2012-09-05,95.75,0,340.02,0,165.53,165.53
2012-09-06,96.61,0,349.35,0,165.53,165.53
2012-09-07,97.21,1,352.72,0,68.32,165.53
2012-09-10,94.68,1,350.03,0,68.32,163.0
2012-09-11,94.37,0,345.75,0,162.69,162.69
2012-09-12,95.68,0,345.1,0,162.69,162.69
2012-09-13,97.57,0,352.67,0,162.69,162.69
2012-09-14,98.75,0,354.49,0,162.69,162.69
2012-09-17,99.97,0,354.64,0,162.69,162.69
2012-09-18,100.27,0,358.78,0,162.69,162.69
2012-09-19,100.3,1,363.39,0,62.39,162.69
2012-09-20,99.81,0,363.69,0,162.2,162.2
2012-09-21,100.01,1,366.63,0,62.19,162.2
2012-09-24,98.68,1,374.32,0,62.19,160.87
2012-09-25,96.22,1,374.21,0,62.19,158.41
2012-09-26,95.03,0,376.35,0,157.22,157.22
2012-09-27,97.33,1,377.87,0,59.89,157.22
2012-09-28,95.3,1,376.87,0,59.89,155.19
2012-10-01,94.2,0,380.51,0,154.09,154.09
2012-10-02,94.47,0,378.12,0,154.09,154.09
2012-10-03,95.92,1,380.87,0,58.17,154.09
2012-10-04,95.26,1,383.64,0,58.17,153.43
2012-10-05,93.23,1,383.44,0,58.17,151.4
2012-10-08,91.17,1,378.54,0,58.17,149.34
2012-10-09,90.84,0,371.67,0,149.01,149.01
2012-10-10,91.56,1,371.91,0,57.45,149.01
2012-10-11,89.7,0,375.36,0,147.15,147.15
2012-10-12,89.96,0,372.0,0,147.15,147.15
2012-10-15,90.68,0,370.12,0,147.15,147.15
2012-10-16,92.83,1,371.98,0,54.32,147.15
2012-10-17,92.09,1,377.37,0,54.32,146.41
2012-10-18,90.38,1,347.15,0,54.32,144.7
2012-10-19,87.12,0,340.55,0,141.44,141.44
2012-10-22,90.58,1,339.0,0,50.86,141.44
2012-10-23,87.62,0,339.83,0,138.48,138.48
2012-10-24,88.12,1,338.31,0,50.36,138.48
2012-10-25,87.08,1,338.54,0,50.36,137.44
2012-10-26,86.29,1,337.24,0,50.36,136.65
2012-10-31,85.05,0,339.81,0,135.41,135.41
2012-11-01,85.22,1,343.45,0,50.19,135.41
2012-11-02,82.4,0,343.62,0,132.59,132.59
2012-11-05,83.52,1,341.14,0,49.07,132.59
2012-11-06,83.26,1,340.52,0,49.07,132.33
2012-11-07,79.71,1,333.23,0,49.07,128.78
2012-11-08,76.82,0,325.82,0,125.89,125.89
2012-11-09,78.15,1,331.18,0,47.74,125.89
2012-11-12,77.55,0,332.62,0,125.29,125.29
2012-11-13,77.56,1,329.2,0,47.73,125.29
2012-11-14,76.7,1,325.95,0,47.73,124.43
2012-11-15,75.09,0,323.31,0,122.82,122.82
2012-11-16,75.38,0,323.27,0,122.82,122.82
2012-11-19,80.82,1,333.77,0,42.0,122.82
2012-11-20,80.13,0,334.65,0,122.13,122.13
2012-11-21,80.24,0,332.6,0,122.13,122.13
2012-11-23,81.64,0,333.65,0,122.13,122.13
2012-11-26,84.22,1,330.24,0,37.91,122.13
2012-11-27,83.54,1,335.02,0,37.91,121.45
2012-11-28,83.28,0,341.49,0,121.19,121.19
2012-11-29,84.19,1,345.6,0,37.0,121.19
2012-11-30,83.61,0,348.84,0,120.61,120.61
2012-12-03,83.74,1,347.28,0,36.87,120.61
2012-12-04,82.26,1,345.17,0,36.87,119.13
2012-12-05,76.97,0,343.57,0,113.84,113.84
2012-12-06,78.18,1,345.22,0,35.66,113.84
2012-12-07,76.18,1,341.76,0,35.66,111.84
2012-12-10,75.69,0,342.37,0,111.35,111.35
2012-12-11,77.34,1,348.09,0,34.01,111.35
2012-12-12,77.0,1,348.43,0,34.01,111.01
2012-12-13,75.67,1,351.0,0,34.01,109.68
2012-12-14,72.83,0,350.63,0,106.84,106.84
2012-12-17,74.12,0,360.03,0,106.84,106.84
2012-12-18,76.27,1,360.17,0,30.57,106.84
2012-12-19,75.19,1,359.69,0,30.57,105.76
2012-12-20,74.53,1,360.82,0,30.57,105.1
2012-12-21,74.19,0,357.46,0,104.76,104.76
2012-12-24,74.31,1,354.4,0,30.45,104.76
2012-12-26,73.29,0,354.08,0,103.74,103.74
2012-12-27,73.58,1,352.79,0,30.16,103.74
2012-12-28,72.8,0,349.65,0,102.96,102.96
2012-12-31,76.02,0,353.34,0,102.96,102.96
2013-01-02,78.43,1,361.26,0,24.53,102.96
2013-01-03,77.44,1,361.47,0,24.53,101.97
2013-01-04,75.29,1,368.62,0,24.53,99.82
2013-01-07,74.8,0,367.01,0,99.33,99.33
2013-01-08,75.04,1,366.28,0,24.29,99.33
2013-01-09,73.87,0,368.69,0,98.16,98.16
2013-01-10,74.79,1,370.37,0,23.37,98.16
2013-01-11,74.33,1,369.62,0,23.37,97.7
2013-01-14,71.68,1,361.26,0,23.37,95.05
2013-01-15,69.42,0,362.1,0,92.79,92.79
2013-01-16,72.3,1,357.24,0,20.49,92.79
2013-01-17,71.81,1,355.3,0,20.49,92.3
2013-01-18,71.43,0,351.9,0,91.92,91.92
2013-01-22,72.11,0,351.08,0,91.92,91.92
2013-01-23,73.43,1,370.38,0,18.49,91.92
2013-01-24,64.36,1,376.54,0,18.49,82.85
2013-01-25,62.84,0,376.46,0,81.33,81.33
2013-01-28,64.26,0,374.99,0,81.33,81.33
2013-01-29,65.47,1,376.46,0,15.86,81.33
2013-01-30,65.26,1,376.54,0,15.86,81.12
2013-01-31,65.07,1,377.47,0,15.86,80.93
2013-02-01,64.8,1,387.4,0,15.86,80.66
2013-02-04,63.19,0,379.13,0,79.05,79.05
2013-02-05,65.41,1,382.49,0,13.64,79.05
2013-02-06,65.34,0,384.7,0,78.98,78.98
2013-02-07,66.89,0,386.59,0,78.98,78.98
2013-02-08,67.85,0,392.29,0,78.98,78.98
2013-02-11,68.56,1,390.82,0,10.42,78.98
2013-02-12,66.84,1,389.96,0,10.42,77.26
2013-02-13,66.72,1,391.04,0,10.42,77.14
2013-02-14,66.66,1,393.52,0,10.42,77.08
2013-02-15,65.74,1,396.05,0,10.42,76.16
2013-02-19,65.71,1,403.02,0,10.42,76.13
2013-02-20,64.12,1,395.83,0,10.42,74.54
2013-02-21,63.72,0,397.37,0,74.14,74.14
2013-02-22,64.4,1,399.46,0,9.74,74.14
2013-02-25,63.26,0,394.99,0,73.0,73.0
2013-02-26,64.14,1,394.67,0,8.86,73.0
2013-02-27,63.51,1,399.49,0,8.86,72.37
2013-02-28,63.06,1,400.2,0,8.86,71.92
2013-03-01,61.5,1,402.69,0,8.86,70.36
2013-03-04,60.01,0,410.34,0,68.87,68.87
2013-03-05,61.59,1,418.88,0,7.28,68.87
2013-03-06,60.81,0,415.27,0,68.09,68.09
2013-03-07,61.51,0,415.88,0,68.09,68.09
2013-03-08,61.67,0,415.34,0,68.09,68.09
2013-03-11,62.55,1,416.99,0,5.54,68.09
2013-03-12,61.2,1,413.39,0,5.54,66.74
2013-03-13,61.19,0,412.24,0,66.73,66.73
2013-03-14,61.79,0,410.36,0,66.73,66.73
2013-03-15,63.38,0,406.74,0,66.73,66.73
2013-03-18,65.1,1,403.49,0,1.63,66.73
2013-03-19,64.93,1,405.25,0,1.63,66.56
2013-03-20,64.58,0,406.95,0,66.21,66.21
2013-03-21,64.68,0,405.22,0,66.21,66.21
2013-03-22,65.99,0,404.75,0,66.21,66.21
2013-03-25,66.23,0,404.42,0,66.21,66.21
2013-03-26,65.88,1,405.8,0,0.33,66.21
2013-03-27,64.58,1,400.93,0,0.33,64.91
2013-03-28,63.24,1,396.7,0,0.33,63.57
2013-04-01,61.27,0,400.19,0,61.6,61.6
2013-04-02,61.4,0,406.11,0,61.6,61.6
2013-04-03,61.71,0,402.7,0,61.6,61.6
2013-04-04,61.1,1,397.14,0,0.5,61.6
2013-04-05,60.46,0,391.13,0,60.96,60.96
2013-04-08,60.89,0,387.04,0,60.96,60.96
2013-04-09,61.0,0,388.44,0,60.96,60.96
2013-04-10,62.24,0,394.69,0,60.96,60.96
2013-04-11,62.05,0,394.8,0,60.96,60.96
2013-04-12,61.4,0,394.63,0,60.96,60.96
2013-04-15,59.98,0,390.57,0,60.96,60.96
2013-04-16,60.89,1,396.29,0,0.07,60.96
2013-04-17,57.54,1,390.89,0,0.07,57.61
2013-04-18,56.01,1,382.57,0,0.07,56.08
2013-04-19,55.79,0,399.54,0,55.86,55.86
2013-04-22,56.95,0,399.66,0,55.86,55.86
2013-04-23,58.02,0,403.55,0,55.86,55.86
2013-04-24,57.92,0,406.32,0,55.86,55.86
2013-04-25,58.34,0,404.15,0,55.86,55.86
2013-04-26,59.6,0,400.31,0,55.86,55.86
2013-04-29,61.45,0,409.12,0,55.86,55.86
2013-04-30,63.25,0,411.87,0,55.86,55.86
2013-05-01,62.76,0,409.8,0,55.86,55.86
2013-05-02,63.65,0,414.39,0,55.86,55.86
2013-05-03,64.28,0,422.44,0,55.86,55.86
2013-05-06,65.82,0,430.34,0,55.86,55.86
2013-05-07,65.52,0,428.19,0,55.86,55.86
2013-05-08,66.26,0,436.38,0,55.86,55.86
2013-05-09,65.25,0,435.3,0,55.86,55.86
2013-05-10,64.71,0,439.67,0,55.86,55.86
2013-05-13,64.96,0,438.33,0,55.86,55.86
2013-05-14,63.41,0,443.11,0,55.86,55.86
2013-05-15,61.26,0,457.49,0,55.86,55.86
2013-05-16,62.08,0,451.48,0,55.86,55.86
2013-05-17,61.89,0,454.14,0,55.86,55.86
2013-05-20,63.28,0,453.81,0,55.86,55.86
2013-05-21,62.81,0,453.03,0,55.86,55.86
2013-05-22,63.05,0,444.27,0,55.86,55.86
2013-05-23,63.16,0,440.95,0,55.86,55.86
2013-05-24,63.59,0,436.22,0,55.86,55.86
2013-05-28,63.06,0,440.19,0,55.86,55.86
2013-05-29,63.56,0,433.72,0,55.86,55.86
2013-05-30,64.51,0,434.94,0,55.86,55.86
2013-05-31,64.25,0,435.17,0,55.86,55.86
2013-06-03,64.39,0,433.38,0,55.86,55.86
2013-06-04,64.19,0,429.12,0,55.86,55.86
2013-06-05,63.59,0,429.42,0,55.86,55.86
2013-06-06,62.64,0,431.89,0,55.86,55.86
2013-06-07,63.12,0,439.43,0,55.86,55.86
2013-06-10,62.7,0,444.66,0,55.86,55.86
2013-06-11,62.51,0,439.47,0,55.86,55.86
2013-06-12,61.74,0,435.55,0,55.86,55.86
2013-06-13,62.28,0,438.06,0,55.86,55.86
2013-06-14,61.44,0,437.08,0,55.86,55.86
2013-06-17,61.71,0,442.68,0,55.86,55.86
2013-06-18,61.68,0,449.86,0,55.86,55.86
2013-06-19,60.43,0,449.89,0,55.86,55.86
2013-06-20,59.55,0,441.93,0,55.86,55.86
2013-06-21,59.07,0,440.02,0,55.86,55.86
2013-06-24,57.51,0,434.46,0,55.86,55.86
2013-06-25,57.52,0,432.67,0,55.86,55.86
2013-06-26,56.87,0,436.39,0,55.86,55.86
2013-06-27,56.25,0,438.1,0,55.86,55.86
2013-06-28,56.65,0,439.74,0,55.86,55.86
2013-07-01,58.46,0,443.5,0,55.86,55.86
2013-07-02,59.78,0,440.71,0,55.86,55.86
2013-07-03,60.11,0,442.77,0,55.86,55.86
2013-07-05,59.63,0,446.3,0,55.86,55.86
2013-07-08,59.29,0,452.09,0,55.86,55.86
2013-07-09,60.34,0,452.17,0,55.86,55.86
2013-07-10,60.1,0,452.54,0,55.86,55.86
2013-07-11,61.04,0,459.66,0,55.86,55.86
2013-07-12,60.93,0,461.04,0,55.86,55.86
2013-07-15,61.06,0,461.88,0,55.86,55.86
2013-07-16,61.46,0,459.34,0,55.86,55.86
2013-07-17,61.47,0,458.82,0,55.86,55.86
2013-07-18,61.68,0,454.88,0,55.86,55.86
2013-07-19,60.71,0,447.85,0,55.86,55.86
2013-07-22,60.9,0,454.89,0,55.86,55.86
2013-07-23,59.86,0,451.45,0,55.86,55.86
2013-07-24,62.93,0,451.0,0,55.86,55.86
2013-07-25,62.64,0,443.41,0,55.86,55.86
2013-07-26,63.0,0,442.23,0,55.86,55.86
2013-07-29,63.97,0,440.69,0,55.86,55.86
2013-07-30,64.76,0,445.01,0,55.86,55.86
2013-07-31,64.65,0,443.43,0,55.86,55.86
2013-08-01,65.24,0,451.66,0,55.86,55.86
2013-08-02,66.08,0,452.83,0,55.86,55.86
2013-08-05,67.06,0,452.05,0,55.86,55.86
2013-08-06,66.46,0,447.84,0,55.86,55.86
2013-08-07,66.43,0,444.88,0,55.86,55.86
2013-08-08,65.86,0,445.88,0,55.86,55.86
2013-08-09,64.92,0,444.76,0,55.86,55.86
2013-08-12,66.77,0,442.31,0,55.86,55.86
2013-08-13,69.94,0,440.18,0,55.86,55.86
2013-08-14,71.21,0,434.47,0,55.86,55.86
2013-08-15,71.13,0,429.4,0,55.86,55.86
2013-08-16,71.76,0,428.03,0,55.86,55.86
2013-08-19,72.53,0,432.39,0,55.86,55.86
2013-08-20,71.58,0,432.28,0,55.86,55.86
2013-08-21,71.77,0,434.23,0,55.86,55.86
2013-08-22,71.85,0,436.42,0,55.86,55.86
2013-08-23,71.57,0,434.67,0,55.86,55.86
2013-08-26,71.85,0,432.76,0,55.86,55.86
2013-08-27,69.8,0,424.65,0,55.86,55.86
2013-08-28,70.13,0,423.85,0,55.86,55.86
2013-08-29,70.24,0,427.29,0,55.86,55.86
2013-08-30,69.6,0,423.03,0,55.86,55.86
2013-09-03,69.8,0,429.76,0,55.86,55.86
2013-09-04,71.24,0,435.38,0,55.86,55.86
2013-09-05,70.75,0,439.34,0,55.86,55.86
2013-09-06,71.17,0,439.35,0,55.86,55.86
2013-09-09,72.31,0,443.58,0,55.86,55.86
2013-09-10,70.66,0,443.89,0,55.86,55.86
2013-09-11,66.82,0,447.65,0,55.86,55.86
2013-09-12,67.53,0,446.08,0,55.86,55.86
2013-09-13,66.41,0,444.09,0,55.86,55.86
2013-09-16,64.3,0,443.44,0,55.86,55.86
2013-09-17,65.05,0,442.61,0,55.86,55.86
2013-09-18,66.38,0,451.21,0,55.86,55.86
2013-09-19,67.47,0,448.75,0,55.86,55.86
2013-09-20,66.77,0,451.1,0,55.86,55.86
2013-09-23,70.09,0,442.81,0,55.86,55.86
2013-09-24,69.87,0,442.98,0,55.86,55.86
2013-09-25,68.79,0,438.18,0,55.86,55.86
2013-09-26,69.46,0,438.65,0,55.86,55.86
2013-09-27,68.96,0,437.76,0,55.86,55.86
2013-09-30,68.11,0,437.52,0,55.86,55.86
2013-10-01,69.71,0,443.06,0,55.86,55.86
2013-10-02,69.94,0,443.55,0,55.86,55.86
2013-10-03,69.06,0,437.61,0,55.86,55.86
2013-10-04,69.0,0,435.74,0,55.86,55.86
2013-10-07,69.68,0,432.44,0,55.86,55.86
2013-10-08,68.71,0,426.41,0,55.86,55.86
2013-10-09,69.51,0,427.5,0,55.86,55.86
2013-10-10,69.95,0,433.69,0,55.86,55.86
2013-10-11,70.4,0,435.56,0,55.86,55.86
2013-10-14,70.86,0,437.62,0,55.86,55.86
2013-10-15,71.24,0,440.56,0,55.86,55.86
2013-10-16,71.59,0,448.56,0,55.86,55.86
2013-10-17,72.07,0,443.95,0,55.86,55.86
2013-10-18,72.7,0,505.2,0,55.86,55.86
2013-10-21,74.48,0,501.15,0,55.86,55.86
2013-10-22,74.27,0,503.0,0,55.86,55.86
2013-10-23,74.99,0,515.19,0,55.86,55.86
2013-10-24,75.99,0,512.26,0,55.86,55.86
2013-10-25,75.14,0,507.09,0,55.86,55.86
2013-10-28,75.7,0,506.99,0,55.86,55.86
2013-10-29,73.81,0,517.6,0,55.86,55.86
2013-10-30,74.98,0,514.69,0,55.86,55.86
2013-10-31,74.67,0,514.77,0,55.86,55.86
2013-11-01,74.29,0,513.01,0,55.86,55.86
2013-11-04,75.25,0,512.54,0,55.86,55.86
2013-11-05,75.06,0,510.25,0,55.86,55.86
2013-11-06,74.42,0,510.86,0,55.86,55.86
2013-11-07,73.21,0,503.47,0,55.86,55.86
2013-11-08,74.37,0,507.51,0,55.86,55.86
2013-11-11,74.15,0,504.79,0,55.86,55.86
2013-11-12,74.29,0,505.38,0,55.86,55.86
2013-11-13,74.38,0,515.72,0,55.86,55.86
2013-11-14,75.45,0,517.1,0,55.86,55.86
2013-11-15,75.0,0,516.26,0,55.86,55.86
2013-11-18,74.09,0,515.26,0,55.86,55.86
2013-11-19,74.22,0,512.09,0,55.86,55.86
2013-11-20,73.57,0,510.64,0,55.86,55.86
2013-11-21,74.45,0,516.52,0,55.86,55.86
2013-11-22,74.26,0,515.43,0,55.86,55.86
2013-11-25,74.82,0,522.44,0,55.86,55.86
2013-11-26,76.2,0,528.68,0,55.86,55.86
2013-11-27,77.99,0,531.02,0,55.86,55.86
2013-11-29,79.44,0,529.27,0,55.86,55.86
2013-12-02,78.75,0,526.71,0,55.86,55.86
2013-12-03,80.9,0,526.1,0,55.86,55.86
2013-12-04,80.71,0,528.56,0,55.86,55.86
2013-12-05,81.13,0,528.14,0,55.86,55.86
2013-12-06,80.0,0,534.4,0,55.86,55.86
2013-12-09,80.92,0,538.53,0,55.86,55.86
2013-12-10,80.79,0,541.79,0,55.86,55.86
2013-12-11,80.19,0,538.11,0,55.86,55.86
2013-12-12,80.08,0,534.45,0,55.86,55.86
2013-12-13,79.2,0,529.86,0,55.86,55.86
2013-12-16,79.64,0,535.95,0,55.86,55.86
2013-12-17,79.28,0,534.4,0,55.86,55.86
2013-12-18,78.68,0,541.83,0,55.86,55.86
2013-12-19,77.78,0,542.57,0,55.86,55.86
2013-12-20,78.43,0,549.76,0,55.86,55.86
2013-12-23,81.44,0,556.99,0,55.86,55.86
2013-12-24,81.1,0,555.36,0,55.86,55.86
2013-12-26,80.56,0,558.17,0,55.86,55.86
2013-12-27,80.01,0,558.64,0,55.86,55.86
2013-12-30,79.22,0,554.18,0,55.86,55.86
2013-12-31,80.15,0,559.79,0,55.86,55.86
2014-01-02,79.02,0,556.0,0,55.86,55.86
2014-01-03,77.28,0,551.95,0,55.86,55.86
2014-01-06,77.7,0,558.1,0,55.86,55.86
2014-01-07,77.15,0,568.86,0,55.86,55.86
2014-01-08,77.64,0,570.04,0,55.86,55.86
2014-01-09,76.65,0,564.55,0,55.86,55.86
2014-01-10,76.13,0,564.52,0,55.86,55.86
2014-01-13,76.53,0,560.93,0,55.86,55.86
2014-01-14,78.06,0,574.13,0,55.86,55.86
2014-01-15,79.62,0,573.74,0,55.86,55.86
2014-01-16,79.18,0,577.53,0,55.86,55.86
2014-01-17,77.24,0,574.69,0,55.86,55.86
2014-01-21,78.44,0,581.27,0,55.86,55.86
2014-01-22,78.79,0,581.93,0,55.86,55.86
2014-01-23,79.45,0,579.47,0,55.86,55.86
2014-01-24,78.01,0,561.35,0,55.86,55.86
2014-01-27,78.64,0,550.06,0,55.86,55.86
2014-01-28,72.36,0,560.94,0,55.86,55.86
2014-01-29,71.54,0,552.91,0,55.86,55.86
2014-01-30,71.4,0,567.13,0,55.86,55.86
2014-01-31,71.51,0,589.89,0,55.86,55.86
2014-02-03,71.65,0,566.15,0,55.86,55.86
2014-02-04,72.68,0,568.51,0,55.86,55.86
2014-02-05,73.23,0,571.03,0,55.86,55.86
2014-02-06,73.22,0,579.4,0,55.86,55.86
2014-02-07,74.24,0,588.13,0,55.86,55.86
2014-02-10,75.57,0,585.88,0,55.86,55.86
2014-02-11,76.57,0,594.49,0,55.86,55.86
2014-02-12,76.56,0,592.75,0,55.86,55.86
2014-02-13,77.78,0,599.35,0,55.86,55.86
2014-02-14,77.71,0,600.8,0,55.86,55.86
2014-02-18,78.0,0,604.83,0,55.86,55.86
2014-02-19,76.77,0,600.57,0,55.86,55.86
2014-02-20,75.88,0,601.45,0,55.86,55.86
2014-02-21,75.04,0,601.29,0,55.86,55.86
2014-02-24,75.36,0,605.65,0,55.86,55.86
2014-02-25,74.58,0,609.39,0,55.86,55.86
2014-02-26,73.91,0,609.47,0,55.86,55.86
2014-02-27,75.38,0,609.0,0,55.86,55.86
2014-02-28,75.18,0,607.22,0,55.86,55.86
2014-03-03,75.39,0,600.74,0,55.86,55.86
2014-03-04,75.89,0,606.85,0,55.86,55.86
2014-03-05,76.05,0,608.52,0,55.86,55.86
2014-03-06,75.82,0,609.2,0,55.86,55.86
2014-03-07,75.78,0,606.79,0,55.86,55.86
2014-03-10,75.85,0,605.18,0,55.86,55.86
2014-03-11,76.58,0,599.4,0,55.86,55.86
2014-03-12,76.66,0,603.05,0,55.86,55.86
2014-03-13,75.81,0,593.94,0,55.86,55.86
2014-03-14,74.96,0,585.81,0,55.86,55.86
2014-03-17,75.25,0,595.45,0,55.86,55.86
2014-03-18,75.91,0,605.02,0,55.86,55.86
2014-03-19,75.89,0,599.03,0,55.86,55.86
2014-03-20,75.53,0,597.98,0,55.86,55.86
2014-03-21,76.12,0,590.93,0,55.86,55.86
2014-03-24,77.03,0,578.39,0,55.86,55.86
2014-03-25,77.86,0,578.78,0,55.86,55.86
2014-03-26,77.11,0,565.42,0,55.86,55.86
2014-03-27,76.78,0,556.58,0,55.86,55.86
2014-03-28,76.69,0,559.51,0,55.86,55.86
2014-03-31,76.68,0,556.7,0,55.86,55.86
2014-04-01,77.38,0,566.88,0,55.86,55.86
2014-04-02,77.51,0,566.98,0,55.86,55.86
2014-04-03,76.97,0,569.74,0,55.86,55.86
2014-04-04,75.97,0,543.14,0,55.86,55.86
2014-04-07,74.78,0,538.15,0,55.86,55.86
2014-04-08,74.78,0,554.9,0,55.86,55.86
2014-04-09,75.76,0,564.14,0,55.86,55.86
2014-04-10,74.78,0,540.95,0,55.86,55.86
2014-04-11,74.23,0,530.6,0,55.86,55.86
2014-04-14,74.53,0,532.52,0,55.86,55.86
2014-04-15,73.99,0,536.44,0,55.86,55.86
2014-04-16,74.14,0,556.54,0,55.86,55.86
2014-04-17,74.99,0,536.1,0,55.86,55.86
2014-04-21,75.88,0,528.62,0,55.86,55.86
2014-04-22,75.96,0,534.81,0,55.86,55.86
2014-04-23,74.96,0,526.94,0,55.86,55.86
2014-04-24,81.11,0,525.16,0,55.86,55.86
2014-04-25,81.71,0,516.18,0,55.86,55.86
2014-04-28,84.87,0,517.15,0,55.86,55.86
2014-04-29,84.62,0,527.7,0,55.86,55.86
2014-04-30,84.3,0,526.66,0,55.86,55.86
2014-05-01,84.5,0,531.35,0,55.86,55.86
2014-05-02,84.65,0,527.93,0,55.86,55.86
2014-05-05,85.85,0,527.81,0,55.86,55.86
2014-05-06,84.92,0,515.14,0,55.86,55.86
2014-05-07,84.62,0,509.96,0,55.86,55.86
2014-05-08,84.0,0,511.0,0,55.86,55.86
2014-05-09,83.65,0,518.73,0,55.86,55.86
2014-05-12,84.69,0,529.92,0,55.86,55.86
2014-05-13,84.82,0,533.09,0,55.86,55.86
2014-05-14,84.84,0,526.65,0,55.86,55.86
2014-05-15,84.12,0,519.98,0,55.86,55.86
2014-05-16,85.36,0,520.63,0,55.86,55.86
2014-05-19,86.37,0,528.86,0,55.86,55.86
2014-05-20,86.39,0,529.77,0,55.86,55.86
2014-05-21,86.62,0,538.94,0,55.86,55.86
2014-05-22,86.75,0,545.06,0,55.86,55.86
2014-05-23,87.73,0,552.7,0,55.86,55.86
2014-05-27,89.38,0,565.95,0,55.86,55.86
2014-05-28,89.14,0,561.68,0,55.86,55.86
2014-05-29,90.77,0,560.08,0,55.86,55.86
2014-05-30,90.43,0,559.89,0,55.86,55.86
2014-06-02,89.81,0,553.93,0,55.86,55.86
2014-06-03,91.08,0,544.94,0,55.86,55.86
2014-06-04,92.12,0,544.66,0,55.86,55.86
2014-06-05,92.48,0,553.9,0,55.86,55.86
2014-06-06,92.22,0,556.33,0,55.86,55.86
2014-06-09,93.7,0,562.12,0,55.86,55.86
2014-06-10,94.25,0,560.55,0,55.86,55.86
2014-06-11,93.86,0,558.84,0,55.86,55.86
2014-06-12,92.29,0,551.35,0,55.86,55.86
2014-06-13,91.28,0,551.76,0,55.86,55.86
2014-06-16,92.2,0,544.28,0,55.86,55.86
2014-06-17,92.08,0,543.01,0,55.86,55.86
2014-06-18,92.18,0,553.37,0,55.86,55.86
2014-06-19,91.86,0,554.9,0,55.86,55.86
2014-06-20,90.91,0,556.36,0,55.86,55.86
2014-06-23,90.83,0,564.95,0,55.86,55.86
2014-06-24,90.28,0,564.62,0,55.86,55.86
2014-06-25,90.36,0,578.65,0,55.86,55.86
2014-06-26,90.9,0,576.0,0,55.86,55.86
2014-06-27,91.98,0,577.24,0,55.86,55.86
2014-06-30,92.93,0,575.28,0,55.86,55.86
2014-07-01,93.52,0,582.67,0,55.86,55.86
2014-07-02,93.48,0,582.34,0,55.86,55.86
2014-07-03,94.03,0,584.73,0,55.86,55.86
2014-07-07,95.97,0,582.25,0,55.86,55.86
2014-07-08,95.35,0,571.09,0,55.86,55.86
2014-07-09,95.39,0,576.08,0,55.86,55.86
2014-07-10,95.04,0,571.1,0,55.86,55.86
2014-07-11,95.22,0,579.18,0,55.86,55.86
2014-07-14,96.45,0,584.87,0,55.86,55.86
2014-07-15,95.32,0,584.78,0,55.86,55.86
2014-07-16,94.78,0,582.66,0,55.86,55.86
2014-07-17,93.09,0,573.73,0,55.86,55.86
2014-07-18,94.43,0,595.08,0,55.86,55.86
2014-07-21,93.94,0,589.47,0,55.86,55.86
2014-07-22,94.72,0,594.74,0,55.86,55.86
2014-07-23,97.19,0,595.98,0,55.86,55.86
2014-07-24,97.03,0,593.35,0,55.86,55.86
2014-07-25,97.67,0,589.02,0,55.86,55.86
2014-07-28,99.02,0,590.6,0,55.86,55.86
2014-07-29,98.38,0,585.61,0,55.86,55.86
2014-07-30,98.15,0,587.42,0,55.86,55.86
2014-07-31,95.6,0,571.6,0,55.86,55.86
2014-08-01,96.13,0,566.07,0,55.86,55.86
2014-08-04,95.59,0,573.15,0,55.86,55.86
2014-08-05,95.12,0,565.07,0,55.86,55.86
2014-08-06,94.96,0,566.37,0,55.86,55.86
2014-08-07,94.48,0,563.36,0,55.86,55.86
2014-08-08,94.74,0,568.77,0,55.86,55.86
2014-08-11,95.99,0,567.88,0,55.86,55.86
2014-08-12,95.97,0,562.73,0,55.86,55.86
2014-08-13,97.24,0,574.78,0,55.86,55.86
2014-08-14,97.5,0,574.65,0,55.86,55.86
2014-08-15,97.98,0,573.48,0,55.86,55.86
2014-08-18,99.16,0,582.16,0,55.86,55.86
2014-08-19,100.53,0,586.86,0,55.86,55.86
2014-08-20,100.57,0,584.49,0,55.86,55.86
2014-08-21,100.58,0,583.37,0,55.86,55.86
2014-08-22,101.32,0,582.56,0,55.86,55.86
2014-08-25,101.54,0,580.2,0,55.86,55.86
2014-08-26,100.89,0,577.86,0,55.86,55.86
2014-08-27,102.13,0,571.0,0,55.86,55.86
2014-08-28,102.25,0,569.2,0,55.86,55.86
2014-08-29,102.5,0,571.6,0,55.86,55.86
2014-09-02,103.3,0,577.33,0,55.86,55.86
2014-09-03,98.94,0,577.94,0,55.86,55.86
2014-09-04,98.12,0,581.98,0,55.86,55.86
2014-09-05,98.97,0,586.08,0,55.86,55.86
2014-09-08,98.36,0,589.72,0,55.86,55.86
2014-09-09,97.99,0,581.01,0,55.86,55.86
2014-09-10,101.0,0,583.1,0,55.86,55.86
2014-09-11,101.43,0,581.35,0,55.86,55.86
2014-09-12,101.66,0,575.62,0,55.86,55.86
2014-09-15,101.63,0,573.1,0,55.86,55.86
2014-09-16,100.86,0,579.95,0,55.86,55.86
2014-09-17,101.58,0,584.77,0,55.86,55.86
2014-09-18,101.79,0,589.27,0,55.86,55.86
2014-09-19,100.96,0,596.08,0,55.86,55.86
2014-09-22,101.06,0,587.37,0,55.86,55.86
2014-09-23,102.64,0,581.13,0,55.86,55.86
2014-09-24,101.75,0,587.99,0,55.86,55.86
2014-09-25,97.87,0,575.06,0,55.86,55.86
2014-09-26,100.75,0,577.1,0,55.86,55.86
2014-09-29,100.11,0,576.36,0,55.86,55.86
2014-09-30,100.75,0,577.36,0,55.86,55.86
2014-10-01,99.18,0,568.27,0,55.86,55.86
2014-10-02,99.9,0,570.08,0,55.86,55.86
2014-10-03,99.62,0,575.28,0,55.86,55.86
2014-10-06,99.62,0,577.35,0,55.86,55.86
2014-10-07,98.75,0,563.74,0,55.86,55.86
2014-10-08,100.8,0,572.5,0,55.86,55.86
2014-10-09,101.02,0,560.88,0,55.86,55.86
2014-10-10,100.73,0,544.49,0,55.86,55.86
2014-10-13,99.81,0,533.21,0,55.86,55.86
2014-10-14,98.75,0,537.94,0,55.86,55.86
2014-10-15,97.54,0,530.03,0,55.86,55.86
2014-10-16,96.26,0,524.51,0,55.86,55.86
2014-10-17,97.67,0,511.17,0,55.86,55.86
2014-10-20,99.76,0,520.84,0,55.86,55.86
2014-10-21,102.47,0,526.54,0,55.86,55.86
2014-10-22,102.99,0,532.71,0,55.86,55.86
2014-10-23,104.83,0,543.98,0,55.86,55.86
2014-10-24,105.22,0,539.78,0,55.86,55.86
2014-10-27,105.11,0,540.77,0,55.86,55.86
2014-10-28,106.74,0,548.9,0,55.86,55.86
2014-10-29,107.34,0,549.33,0,55.86,55.86
2014-10-30,106.98,0,550.31,0,55.86,55.86
2014-10-31,108.0,0,559.08,0,55.86,55.86
2014-11-03,109.4,0,555.22,0,55.86,55.86
2014-11-04,108.6,0,554.11,0,55.86,55.86
2014-11-05,108.86,0,545.92,0,55.86,55.86
2014-11-06,108.7,0,542.04,0,55.86,55.86
2014-11-07,109.01,0,541.01,0,55.86,55.86
2014-11-10,108.83,0,547.49,0,55.86,55.86
2014-11-11,109.7,0,550.29,0,55.86,55.86
2014-11-12,111.25,0,547.31,0,55.86,55.86
2014-11-13,112.82,0,545.38,0,55.86,55.86
2014-11-14,114.18,0,544.4,0,55.86,55.86
2014-11-17,113.99,0,536.51,0,55.86,55.86
2014-11-18,115.47,0,535.03,0,55.86,55.86
2014-11-19,114.67,0,536.99,0,55.86,55.86
2014-11-20,116.31,0,534.83,0,55.86,55.86
2014-11-21,116.47,0,537.5,0,55.86,55.86
2014-11-24,118.62,0,539.27,0,55.86,55.86
2014-11-25,117.6,0,541.08,0,55.86,55.86
2014-11-26,119.0,0,540.37,0,55.86,55.86
2014-11-28,118.93,0,541.83,0,55.86,55.86
2014-12-01,115.07,0,533.8,0,55.86,55.86
2014-12-02,114.63,0,533.75,0,55.86,55.86
2014-12-03,115.93,0,531.32,0,55.86,55.86
2014-12-04,115.49,0,537.31,0,55.86,55.86
2014-12-05,115.0,0,525.26,0,55.86,55.86
2014-12-08,112.4,0,526.98,0,55.86,55.86
2014-12-09,114.12,0,533.37,0,55.86,55.86
2014-12-10,111.95,0,526.06,0,55.86,55.86
2014-12-11,111.62,0,528.34,0,55.86,55.86
2014-12-12,109.73,0,518.66,0,55.86,55.86
2014-12-15,108.22,0,513.8,0,55.86,55.86
2014-12-16,106.74,0,495.39,0,55.86,55.86
2014-12-17,109.41,0,504.89,0,55.86,55.86
2014-12-18,112.65,0,511.1,0,55.86,55.86
2014-12-19,111.78,0,516.35,0,55.86,55.86
2014-12-22,112.94,0,524.87,0,55.86,55.86
2014-12-23,112.54,0,530.59,0,55.86,55.86
2014-12-24,112.01,0,528.77,0,55.86,55.86
2014-12-26,113.99,0,534.03,0,55.86,55.86
2014-12-29,113.91,0,530.33,0,55.86,55.86
2014-12-30,112.52,0,530.42,0,55.86,55.86
2014-12-31,110.38,0,526.4,0,55.86,55.86
2015-01-02,109.33,0,524.81,0,55.86,55.86
2015-01-05,106.25,0,513.87,0,55.86,55.86
2015-01-06,106.26,0,501.96,0,55.86,55.86
2015-01-07,107.75,0,501.1,0,55.86,55.86
2015-01-08,111.89,0,502.68,0,55.86,55.86
2015-01-09,112.01,0,496.17,0,55.86,55.86
2015-01-12,109.25,0,492.55,0,55.86,55.86
2015-01-13,110.22,0,496.18,0,55.86,55.86
2015-01-14,109.8,0,500.87,0,55.86,55.86
2015-01-15,106.82,0,501.79,0,55.86,55.86
2015-01-16,105.99,0,508.08,0,55.86,55.86
2015-01-20,108.72,0,506.9,0,55.86,55.86
2015-01-21,109.55,0,518.04,0,55.86,55.86
2015-01-22,112.4,0,534.39,0,55.86,55.86
2015-01-23,112.98,0,539.95,0,55.86,55.86
2015-01-26,113.1,0,535.21,0,55.86,55.86
2015-01-27,109.14,0,518.63,0,55.86,55.86
2015-01-28,115.31,0,510.0,0,55.86,55.86
2015-01-29,118.9,0,510.66,0,55.86,55.86
2015-01-30,117.16,0,534.52,0,55.86,55.86
2015-02-02,118.63,0,528.48,0,55.86,55.86
2015-02-03,118.65,0,529.24,0,55.86,55.86
2015-02-04,119.56,0,522.76,0,55.86,55.86
2015-02-05,119.94,0,527.58,0,55.86,55.86
2015-02-06,118.93,0,531.0,0,55.86,55.86
2015-02-09,119.72,0,527.83,0,55.86,55.86
2015-02-10,122.02,0,536.94,0,55.86,55.86
2015-02-11,124.88,0,535.97,0,55.86,55.86
2015-02-12,126.46,0,542.93,0,55.86,55.86
2015-02-13,127.08,0,549.01,0,55.86,55.86
2015-02-17,127.83,0,542.84,0,55.86,55.86
2015-02-18,128.72,0,539.7,0,55.86,55.86
2015-02-19,128.45,0,542.87,0,55.86,55.86
2015-02-20,129.5,0,538.95,0,55.86,55.86
2015-02-23,133.0,0,531.91,0,55.86,55.86
2015-02-24,132.17,0,536.09,0,55.86,55.86
2015-02-25,128.79,0,543.87,0,55.86,55.86
2015-02-26,130.42,0,555.48,0,55.86,55.86
2015-02-27,128.46,0,558.4,0,55.86,55.86
2015-03-02,129.09,0,571.34,0,55.86,55.86
2015-03-03,129.36,0,573.64,0,55.86,55.86
2015-03-04,128.54,0,573.37,0,55.86,55.86
2015-03-05,126.41,0,575.33,0,55.86,55.86
2015-03-06,126.6,0,567.68,0,55.86,55.86
2015-03-09,127.14,0,568.85,0,55.86,55.86
2015-03-10,124.51,0,555.01,0,55.86,55.86
2015-03-11,122.24,0,551.18,0,55.86,55.86
2015-03-12,124.45,0,555.51,0,55.86,55.86
2015-03-13,123.59,0,547.32,0,55.86,55.86
2015-03-16,124.95,0,554.51,0,55.86,55.86
2015-03-17,127.04,0,550.84,0,55.86,55.86
2015-03-18,128.47,0,559.5,0,55.86,55.86
2015-03-19,127.5,0,557.99,0,55.86,55.86
2015-03-20,125.9,0,560.36,0,55.86,55.86
2015-03-23,127.21,0,558.81,0,55.86,55.86
2015-03-24,126.69,0,570.19,0,55.86,55.86
2015-03-25,123.38,0,558.78,0,55.86,55.86
2015-03-26,124.24,0,555.17,0,55.86,55.86
2015-03-27,123.25,0,548.34,0,55.86,55.86
2015-03-30,126.37,0,552.03,0,55.86,55.86
2015-03-31,124.43,0,548.0,0,55.86,55.86
2015-04-01,124.25,0,542.56,0,55.86,55.86
2015-04-02,125.32,0,535.53,0,55.86,55.86
2015-04-06,127.35,0,536.76,0,55.86,55.86
2015-04-07,126.01,0,537.02,0,55.86,55.86
2015-04-08,125.6,0,541.61,0,55.86,55.86
2015-04-09,126.56,0,540.78,0,55.86,55.86
2015-04-10,127.1,0,540.01,0,55.86,55.86
2015-04-13,126.85,0,539.17,0,55.86,55.86
2015-04-14,126.3,0,530.39,0,55.86,55.86
2015-04-15,126.78,0,532.53,0,55.86,55.86
2015-04-16,126.17,0,533.8,0,55.86,55.86
2015-04-17,124.75,0,524.05,0,55.86,55.86
2015-04-20,127.6,0,535.38,0,55.86,55.86
2015-04-21,126.91,0,533.97,0,55.86,55.86
2015-04-22,128.62,0,539.36,0,55.86,55.86
2015-04-23,129.67,0,547.0,0,55.86,55.86
2015-04-24,130.28,0,565.06,0,55.86,55.86
2015-04-27,132.65,0,555.37,0,55.86,55.86
2015-04-28,130.56,0,553.68,0,55.86,55.86
2015-04-29,128.64,0,549.08,0,55.86,55.86
2015-04-30,125.15,0,537.34,0,55.86,55.86
2015-05-01,128.95,0,537.9,0,55.86,55.86
2015-05-04,128.7,0,540.78,0,55.86,55.86
2015-05-05,125.8,0,530.8,0,55.86,55.86
2015-05-06,125.01,0,524.22,0,55.86,55.86
2015-05-07,125.26,0,530.7,0,55.86,55.86
2015-05-08,127.62,0,538.22,0,55.86,55.86
2015-05-11,126.32,0,535.7,0,55.86,55.86
2015-05-12,125.86,0,529.04,0,55.86,55.86
2015-05-13,126.01,0,529.62,0,55.86,55.86
2015-05-14,128.95,0,538.4,0,55.86,55.86
2015-05-15,128.77,0,533.85,0,55.86,55.86
2015-05-18,130.19,0,532.3,0,55.86,55.86
2015-05-19,130.07,0,537.36,0,55.86,55.86
2015-05-20,130.06,0,539.27,0,55.86,55.86
2015-05-21,131.39,0,542.51,0,55.86,55.86
2015-05-22,132.54,0,540.11,0,55.86,55.86
2015-05-26,129.62,0,532.32,0,55.86,55.86
2015-05-27,132.04,0,539.79,0,55.86,55.86
2015-05-28,131.78,0,539.78,0,55.86,55.86
2015-05-29,130.28,0,532.11,0,55.86,55.86
2015-06-01,130.54,0,533.99,0,55.86,55.86
2015-06-02,129.96,0,539.18,0,55.86,55.86
2015-06-03,130.12,0,540.31,0,55.86,55.86
2015-06-04,129.36,0,536.7,0,55.86,55.86
2015-06-05,128.65,0,533.33,0,55.86,55.86
2015-06-08,127.8,0,526.83,0,55.86,55.86
2015-06-09,127.42,0,526.69,0,55.86,55.86
2015-06-10,128.88,0,536.69,0,55.86,55.86
2015-06-11,128.59,0,534.61,0,55.86,55.86
2015-06-12,127.17,0,532.33,0,55.86,55.86
2015-06-15,126.92,0,527.2,0,55.86,55.86
2015-06-16,127.6,0,528.15,0,55.86,55.86
2015-06-17,127.3,0,529.26,0,55.86,55.86
2015-06-18,127.88,0,536.73,0,55.86,55.86
2015-06-19,126.6,0,536.69,0,55.86,55.86
2015-06-22,127.61,0,538.19,0,55.86,55.86
2015-06-23,127.03,0,540.48,0,55.86,55.86
2015-06-24,128.11,0,537.84,0,55.86,55.86
2015-06-25,127.5,0,535.23,0,55.86,55.86
2015-06-26,126.75,0,531.69,0,55.86,55.86
2015-06-29,124.53,0,521.52,0,55.86,55.86
2015-06-30,125.42,0,520.51,0,55.86,55.86
2015-07-01,126.6,0,521.84,0,55.86,55.86
2015-07-02,126.44,0,523.4,0,55.86,55.86
2015-07-06,126.0,0,522.86,0,55.86,55.86
2015-07-07,125.69,0,525.02,0,55.86,55.86
2015-07-08,122.57,0,516.83,0,55.86,55.86
2015-07-09,120.07,0,520.68,0,55.86,55.86
2015-07-10,123.28,0,530.13,0,55.86,55.86
2015-07-13,125.66,0,546.55,0,55.86,55.86
2015-07-14,125.61,0,561.1,0,55.86,55.86
2015-07-15,126.82,0,560.22,0,55.86,55.86
2015-07-16,128.51,0,579.85,0,55.86,55.86
2015-07-17,129.62,0,672.93,0,55.86,55.86
2015-07-20,132.07,0,663.02,0,55.86,55.86
2015-07-21,130.75,0,662.3,0,55.86,55.86
2015-07-22,125.22,0,662.1,0,55.86,55.86
2015-07-23,125.16,0,644.28,0,55.86,55.86
2015-07-24,124.5,0,623.56,0,55.86,55.86
2015-07-27,122.77,0,627.26,0,55.86,55.86
2015-07-28,123.38,0,628.0,0,55.86,55.86
2015-07-29,122.99,0,631.93,0,55.86,55.86
2015-07-30,122.37,0,632.59,0,55.86,55.86
2015-07-31,121.3,0,625.61,0,55.86,55.86
2015-08-03,118.44,0,631.21,0,55.86,55.86
2015-08-04,114.64,0,629.25,0,55.86,55.86
2015-08-05,115.4,0,643.78,0,55.86,55.86
2015-08-06,115.13,0,642.68,0,55.86,55.86
2015-08-07,115.52,0,635.3,0,55.86,55.86
2015-08-10,119.72,0,633.73,0,55.86,55.86
2015-08-11,113.49,0,660.78,0,55.86,55.86
2015-08-12,115.24,0,659.56,0,55.86,55.86
2015-08-13,115.15,0,656.45,0,55.86,55.86
2015-08-14,115.96,0,657.12,0,55.86,55.86
2015-08-17,117.16,0,660.87,0,55.86,55.86
2015-08-18,116.5,0,656.13,0,55.86,55.86
2015-08-19,115.01,0,660.9,0,55.86,55.86
2015-08-20,112.65,0,646.83,0,55.86,55.86
2015-08-21,105.76,0,612.48,0,55.86,55.86
2015-08-24,103.12,0,589.61,0,55.86,55.86
2015-08-25,103.74,0,582.06,0,55.86,55.86
2015-08-26,109.69,0,628.62,0,55.86,55.86
2015-08-27,112.92,0,637.61,0,55.86,55.86
2015-08-28,113.29,0,630.38,0,55.86,55.86
2015-08-31,112.76,0,618.25,0,55.86,55.86
2015-09-01,107.72,0,597.79,0,55.86,55.86
2015-09-02,112.34,0,614.34,0,55.86,55.86
2015-09-03,110.37,0,606.25,0,55.86,55.86
2015-09-04,109.27,0,600.7,0,55.86,55.86
2015-09-08,112.31,0,614.66,0,55.86,55.86
2015-09-09,110.15,0,612.72,0,55.86,55.86
2015-09-10,112.57,0,621.35,0,55.86,55.86
2015-09-11,114.21,0,625.77,0,55.86,55.86
2015-09-14,115.31,0,623.24,0,55.86,55.86
2015-09-15,116.28,0,635.14,0,55.86,55.86
2015-09-16,116.41,0,635.98,0,55.86,55.86
2015-09-17,113.92,0,642.9,0,55.86,55.86
2015-09-18,113.45,0,629.25,0,55.86,55.86
2015-09-21,115.21,0,635.44,0,55.86,55.86
2015-09-22,113.4,0,622.69,0,55.86,55.86
2015-09-23,114.32,0,622.36,0,55.86,55.86
2015-09-24,115.0,0,625.8,0,55.86,55.86
2015-09-25,114.71,0,611.97,0,55.86,55.86
2015-09-28,112.44,0,594.89,0,55.86,55.86
2015-09-29,109.06,0,594.97,0,55.86,55.86
2015-09-30,110.3,0,608.42,0,55.86,55.86
2015-10-01,109.58,0,611.29,0,55.86,55.86
2015-10-02,110.38,0,626.91,0,55.86,55.86
2015-10-05,110.78,0,641.47,0,55.86,55.86
2015-10-06,111.31,0,645.44,0,55.86,55.86
2015-10-07,110.78,0,642.36,0,55.86,55.86
2015-10-08,109.5,0,639.16,0,55.86,55.86
2015-10-09,112.12,0,643.61,0,55.86,55.86
2015-10-12,111.6,0,646.67,0,55.86,55.86
2015-10-13,111.79,0,652.3,0,55.86,55.86
2015-10-14,110.21,0,651.16,0,55.86,55.86
2015-10-15,111.86,0,661.74,0,55.86,55.86
2015-10-16,111.04,0,662.2,0,55.86,55.86
2015-10-19,111.73,0,666.1,0,55.86,55.86
2015-10-20,113.77,0,650.28,0,55.86,55.86
2015-10-21,113.76,0,642.61,0,55.86,55.86
2015-10-22,115.5,0,651.79,0,55.86,55.86
2015-10-23,119.08,0,702.0,0,55.86,55.86
2015-10-26,115.28,0,712.78,0,55.86,55.86
2015-10-27,114.55,0,708.49,0,55.86,55.86
2015-10-28,119.27,0,712.95,0,55.86,55.86
2015-10-29,120.53,0,716.92,0,55.86,55.86
2015-10-30,119.5,0,710.81,0,55.86,55.86
2015-11-02,121.18,0,721.11,0,55.86,55.86
2015-11-03,122.57,0,722.16,0,55.86,55.86
2015-11-04,122.0,0,728.11,0,55.86,55.86
2015-11-05,120.92,0,731.25,0,55.86,55.86
2015-11-06,121.06,0,733.76,0,55.86,55.86
2015-11-09,120.57,0,724.89,0,55.86,55.86
2015-11-10,116.77,0,728.32,0,55.86,55.86
2015-11-11,116.11,0,735.4,0,55.86,55.86
2015-11-12,115.72,0,731.23,0,55.86,55.86
2015-11-13,112.34,0,717.0,0,55.86,55.86
2015-11-16,114.18,0,728.96,0,55.86,55.86
2015-11-17,113.69,0,725.3,0,55.86,55.86
2015-11-18,117.29,0,740.0,0,55.86,55.86
2015-11-19,118.78,0,738.41,0,55.86,55.86
2015-11-20,119.3,0,756.6,0,55.86,55.86
2015-11-23,117.75,0,755.98,0,55.86,55.86
2015-11-24,118.88,0,748.28,0,55.86,55.86
2015-11-25,118.03,0,748.15,0,55.86,55.86
2015-11-27,117.81,0,750.26,0,55.86,55.86
2015-11-30,118.3,0,742.6,0,55.86,55.86
2015-12-01,117.34,0,767.04,0,55.86,55.86
2015-12-02,116.28,0,762.38,0,55.86,55.86
2015-12-03,115.2,0,752.54,0,55.86,55.86
2015-12-04,119.03,0,766.81,0,55.86,55.86
2015-12-07,118.28,0,763.25,0,55.86,55.86
2015-12-08,118.23,0,762.37,0,55.86,55.86
2015-12-09,115.62,0,751.61,0,55.86,55.86
2015-12-10,116.17,0,749.46,0,55.86,55.86
2015-12-11,113.18,0,738.87,0,55.86,55.86
2015-12-14,112.48,0,747.77,0,55.86,55.86
2015-12-15,110.49,0,743.4,0,55.86,55.86
2015-12-16,111.34,0,758.09,0,55.86,55.86
2015-12-17,108.98,0,749.43,0,55.86,55.86
2015-12-18,106.03,0,739.31,0,55.86,55.86
2015-12-21,107.33,0,747.77,0,55.86,55.86
2015-12-22,107.23,0,750.0,0,55.86,55.86
2015-12-23,108.61,0,750.31,0,55.86,55.86
2015-12-24,108.03,0,748.4,0,55.86,55.86
2015-12-28,106.82,0,762.51,0,55.86,55.86
2015-12-29,108.74,0,776.6,0,55.86,55.86
2015-12-30,107.32,0,771.0,0,55.86,55.86
